stat_id,num_stat_id,stat_name,network,state,city,start_date,end_date,lat,lon,elevation,county
010101,010101,DUCKWORTH & ORDINANCE,NAPS,NEWFOUNDLAND AND LABRADOR,ST. JOHN'S,,,47.56806,-52.70222,7,
010102,010102,WATER STREET POST OFFICE,NAPS,NEWFOUNDLAND AND LABRADOR,ST. JOHN'S,,,47.56000,-52.71139,17,
010201,010201,CORMACK,NAPS,NEWFOUNDLAND AND LABRADOR,CORMACK,,,49.26222,-57.45583,120,
010301,010301,CREDIT UNION,NAPS,NEWFOUNDLAND AND LABRADOR,CORNER BROOK,,,48.94948,-57.94539,5,
010400,010400,CENTRAL NEWFOUNDLAND,NAPS,NEWFOUNDLAND AND LABRADOR,GANDER,,,48.94287,-54.55753,125,
010401,010401,MOUNT PEARL,NAPS,NEWFOUNDLAND AND LABRADOR,MOUNT PEARL,,,47.50513,-52.79476,134,
010501,010501,ABITIBI SITE,NAPS,NEWFOUNDLAND AND LABRADOR,GRAND FALLS - \WINDSOR,,,48.92694,-55.65972,62,
010601,010601,GOOSE BAY,NAPS,NEWFOUNDLAND AND LABRADOR,HAPPY VALLEY - GOOSE BAY,,,53.31111,-60.36667,39,
010602,010602,MACPHERSON AVENUE,NAPS,NEWFOUNDLAND AND LABRADOR,Corner Brook,,,48.95224,-57.92207,99,
010701,010701,FERROLE POINT,NAPS,NEWFOUNDLAND AND LABRADOR,FERROLE POINT,,,51.02200,-57.09557,13,
010801,010801,PORT AU CHOIX,NAPS,NEWFOUNDLAND AND LABRADOR,PORT AUX CHOIX,,,50.71124,-57.36365,17,
020101,020101,56 FITZROY ST.,NAPS,PRINCE EDWARD ISLAND,CHARLOTTETOWN,,,46.23543,-63.13078,2,
020102,020102,16 FITZROY ST.,NAPS,PRINCE EDWARD ISLAND,CHARLOTTETOWN,,,46.23405,-63.13320,2,
020103,020103,CHARLOTTETOWN 1,NAPS,PRINCE EDWARD ISLAND,CHARLOTTETOWN,,,46.23277,-63.13337,30,
020104,020104,CHARLOTTETOWN 2,NAPS,PRINCE EDWARD ISLAND,CHARLOTTETOWN,,,46.23300,-63.13667,21,
020201,020201,ATLANTIC WIND TEST SITE,NAPS,PRINCE EDWARD ISLAND,NORTH CAPE,,,47.05500,-63.99722,4,
020301,020301,WELLINGTON,NAPS,PRINCE EDWARD ISLAND,WELLINGTON ,,,46.45000,-64.00000,6,
020401,020401,SOUTHAMPTON,NAPS,PRINCE EDWARD ISLAND,SOUTHAMPTON,,,46.38752,-62.58122,30,
030101,030101,DALTECH,NAPS,NOVA SCOTIA,HALIFAX,,,44.64202,-63.57362,35,
030102,030102,DALHOUSIE UNIVERSITY,NAPS,NOVA SCOTIA,HALIFAX,,,44.63611,-63.59583,37,
030113,030113,JOHNSTON BUILDING,NAPS,NOVA SCOTIA,HALIFAX,,,44.64700,-63.57400,28,
030114,030114,MT ST VINCENT UNIVERSITY,NAPS,NOVA SCOTIA,HALIFAX,,,44.67111,-63.64389,12,
030115,030115,CFB SHEARWATER,NAPS,NOVA SCOTIA,HALIFAX,,,44.62611,-63.51944,15,
030116,030116,HALIFAX CITY HALL,NAPS,NOVA SCOTIA,HALIFAX,,,44.64861,-63.57583,21,
030117,030117,BEDFORD ROW POST OFFICE,NAPS,NOVA SCOTIA,HALIFAX,,,44.64833,-63.57333,9,
030118,030118,ROY BUILDING,NAPS,NOVA SCOTIA,HALIFAX,,,44.64632,-63.57338,18,
030119,030119,HARBOURVIEW SCHOOL,NAPS,NOVA SCOTIA,HALIFAX,,,44.68061,-63.59011,44,
030120,030120,LAKE MAJOR,NAPS,NOVA SCOTIA,DARTMOUTH,,,44.71980,-63.48075,68,
030201,030201,PORT HAWKESBURY,NAPS,NOVA SCOTIA,PORT HAWKESBURY,,,45.61394,-61.36235,15,
030202,030202,PORT HAWKESBURY PLAYGROUND,NAPS,NOVA SCOTIA,PORT HAWKESBURY,,,45.60907,-61.34227,24,
030301,030301,MURPHY ROAD,NAPS,NOVA SCOTIA,SYDNEY,,,46.13028,-60.21139,9,
030302,030302,SYDNEY STEEL CORPORATION,NAPS,NOVA SCOTIA,SYDNEY,,,46.15391,-60.18450,29,
030309,030309,PORT EDWARD  RICHMOND PLST,NAPS,NOVA SCOTIA,SYDNEY,,,46.15472,-60.21833,0,
030310,030310,WELTON STREET SYDNEY,NAPS,NOVA SCOTIA,SYDNEY,,,46.14222,-60.17252,27,
030311,030311,WHITNEY PIER FIRE STATION,NAPS,NOVA SCOTIA,SYDNEY,,,46.16111,-60.18722,29,
030401,030401,LAKE ROAD,NAPS,NOVA SCOTIA,GLACE BAY,,,46.17700,-59.95715,20,
030405,030405,GENERAL HOSPITAL,NAPS,NOVA SCOTIA,GLACE BAY,,,46.18806,-59.95667,17,
030406,030406,PUMPING STATION ROAD,NAPS,NOVA SCOTIA,GLACE BAY,,,46.15435,-59.95857,5,
030408,030408,SOUTH STREET,NAPS,NOVA SCOTIA,GLACE BAY,,,46.18361,-59.93917,11,
030409,030409,SOUTH STREET,NAPS,NOVA SCOTIA,GLACE BAY,,,46.18333,-59.93750,6,
030501,030501,KEJIMKUJIK NATIONAL PARK,NAPS,NOVA SCOTIA,KEJIMKUJIK,,,44.43361,-65.20583,127,
030601,030601,123 OAKES ROAD,NAPS,NOVA SCOTIA,FALL RIVER,,,44.81250,-63.60417,72,
030701,030701,AYLESFORD MOUNTAIN,NAPS,NOVA SCOTIA,AYLESFORD,,,45.07267,-64.84033,235,
030801,030801,DAYTON,NAPS,NOVA SCOTIA,YARMOUTH,,,43.83333,-66.08333,31,
030901,030901,PICTOU,NAPS,NOVA SCOTIA,PICTOU,,,45.68167,-62.69664,12,
031001,031001,SABLE ISLAND,NAPS,NOVA SCOTIA,SABLE ISLAND,,,43.93307,-59.90365,8,
031101,031101,KENTVILLE - Agri-Food Canada,NAPS,NOVA SCOTIA,KENTVILLE,,,45.06667,-64.48333,60,
031201,031201,Granton,NAPS,NOVA SCOTIA,Granton,,,45.63115,-62.73838,2,
040101,040101,WOODSTOCK ROAD,NAPS,NEW BRUNSWICK,FREDERICTON,,,45.96556,-66.65361,10,
040102,040102,YORK STREET,NAPS,NEW BRUNSWICK,FREDERICTON,,,45.95278,-66.65083,29,
040103,040103,ABERDEEN STREET,NAPS,NEW BRUNSWICK,FREDERICTON,,,45.95750,-66.64666,21,
040201,040201,110 CHARLOTTE STREET,NAPS,NEW BRUNSWICK,SAINT JOHN,,,45.27252,-66.05840,51,
040202,040202,POST OFFICE,NAPS,NEW BRUNSWICK,SAINT JOHN,,,45.27056,-66.06250,2,
040203,040203,FOREST HILLS,NAPS,NEW BRUNSWICK,SAINT JOHN,,,45.30878,-66.00811,41,
040204,040204,WEST DISTRICT POLICE STATION,NAPS,NEW BRUNSWICK,SAINT JOHN,,,45.23500,-66.13917,49,
040205,040205,REGIONAL CENTER,NAPS,NEW BRUNSWICK,SAINT JOHN,,,45.25417,-66.08333,46,
040206,040206,CUSTOMS BUILDING,NAPS,NEW BRUNSWICK,SAINT JOHN,,,45.26972,-66.06138,29,
040207,040207,WEST SIDE,NAPS,NEW BRUNSWICK,SAINT JOHN,,,45.25277,-66.08003,59,
040208,040208,CHAMPLAIN HEIGHTS SCHOOL,NAPS,NEW BRUNSWICK,SAINT JOHN,,,45.29122,-66.00283,47,
040209,040209,Saint John Regional Office Building,NAPS,NEW BRUNSWICK,SAINT JOHN,,,45.28028,-66.05611,41,
040301,040301,774 MAIN STREET,NAPS,NEW BRUNSWICK,MONCTON,,,46.08833,-64.77778,29,
040302,040302,CITY WATER PUMP STATION,NAPS,NEW BRUNSWICK,MONCTON,,,46.10162,-64.78962,9,
040401,040401,HASTINGS TOWER,NAPS,NEW BRUNSWICK,FUNDY NAT. PARK,,,45.59222,-64.99444,335,
040501,040501,PT LEPREAU - CHARLOTTE COUNTY,NAPS,NEW BRUNSWICK,POINT LEPREAU,,,45.07327,-66.44957,0,
040601,040601,BLISSVILLE - SUNBURY COUNTY,NAPS,NEW BRUNSWICK,CENTRAL BLISSVILLE,,,45.60492,-66.56031,9,
040701,040701,NORTON - KINGS COUNTY,NAPS,NEW BRUNSWICK,NORTON,,,45.64194,-65.70277,20,
040801,040801,CANTERBURY,NAPS,NEW BRUNSWICK,DOW SETTLEMENT,,,45.95333,-67.47778,153,
040901,040901,HUNTSMAN MARINE SCIENCES CTR.,NAPS,NEW BRUNSWICK,ST. ANDREWS,,,45.08108,-67.07467,25,
041001,041001,CAMPOBELLO ISLAND,NAPS,NEW BRUNSWICK,CAMPOBELLO ISLAND,,,44.87306,-66.95611,29,
041101,041101,ST. LEONARD,NAPS,NEW BRUNSWICK,ST. LEONARD,,,47.15777,-67.83000,239,
041201,041201,LOWER NEWCASTLE,NAPS,NEW BRUNSWICK,LOWER NEWCASTLE,,,47.07083,-65.42444,18,
041301,041301,HOLY FAMILY CHURCH,NAPS,NEW BRUNSWICK,BATHURST,,,47.62889,-65.66333,20,
041302,041302,BATHURST,NAPS,NEW BRUNSWICK,BATHURST,,,47.60953,-65.63353,16,
050101,050101,PARC JARRY,NAPS,QUÉBEC,MONTRÉAL,,,45.53583,-73.63333,47,
050102,050102,JARDIN BOTANIQUE,NAPS,QUÉBEC,MONTRÉAL,,,45.56212,-73.57163,59,
050103,050103,SAINT-JEAN-BAPTISTE,NAPS,QUÉBEC,MONTRÉAL,,,45.64125,-73.49936,19,
050104,050104,ONTARIO,NAPS,QUÉBEC,MONTRÉAL,,,45.52053,-73.56318,46,
050105,050105,DRUMMOND,NAPS,QUÉBEC,MONTRÉAL,,,45.49778,-73.57309,52,
050106,050106,VILLE ST-LAURENT,NAPS,QUÉBEC,MONTRÉAL,,,45.52500,-73.67194,40,
050107,050107,VILLE LASALLE,NAPS,QUÉBEC,MONTRÉAL,,,45.46000,-73.60556,13,
050108,050108,1700 BOURASSA,NAPS,QUÉBEC,MONTRÉAL,,,45.52222,-73.48389,29,
050109,050109,DUNCAN & DÉCARIE,NAPS,QUÉBEC,MONTRÉAL,,,45.50268,-73.66388,41,
050110,050110,PARC-PILON,NAPS,QUÉBEC,MONTRÉAL,,,45.59450,-73.64150,21,
050111,050111,DUVERNAY,NAPS,QUÉBEC,LAVAL,,,45.58972,-73.82083,24,
050112,050112,PONT VIAU,NAPS,QUÉBEC,LAVAL,,,45.56000,-73.68139,25,
050113,050113,CHOMEDEY,NAPS,QUÉBEC,LAVAL,,,45.54750,-73.74694,35,
050114,050114,677 STE-CATHERINE O.,NAPS,QUÉBEC,MONTRÉAL,,,45.50278,-73.57083,97,
050115,050115,DE MAISONNEUVE,NAPS,QUÉBEC,MONTRÉAL,,,45.50083,-73.57528,56,
050116,050116,VERDUN,NAPS,QUÉBEC,MONTRÉAL,,,45.47167,-73.57222,21,
050117,050117,7405 CHAMPAGNEUR,NAPS,QUÉBEC,MONTRÉAL,,,45.53333,-73.63333,48,
050118,050118,820 ST. GERMAIN,NAPS,QUÉBEC,MONTRÉAL,,,45.52528,-73.67250,36,
050119,050119,BOURASSA,NAPS,QUÉBEC,LONGUEUIL,,,45.52207,-73.48810,32,
050120,050120,ROXBORO,NAPS,QUÉBEC,MONTRÉAL,,,45.49444,-73.80778,33,
050121,050121,PARC OCÉANIE,NAPS,QUÉBEC,LONGUEUIL,,,45.44306,-73.46861,15,
050123,050123,55 AVENUE LILAS DORVAL,NAPS,QUÉBEC,MONTRÉAL,,,45.43917,-73.73111,30,
050124,050124,ANJOU,NAPS,QUÉBEC,MONTRÉAL,,,45.60278,-73.55833,51,
050125,050125,CENTRE RÉCRÉATIF EDOUARD RIVEST,NAPS,QUÉBEC,MONTRÉAL,,,45.62667,-73.50000,10,
050126,050126,SAINTE-ANNE DE BELLEVUE,NAPS,QUÉBEC,MONTRÉAL,,,45.42667,-73.92917,39,
050127,050127,SAINT MICHEL,NAPS,QUÉBEC,MONTRÉAL,,,45.56333,-73.61056,60,
050128,050128,AÉROPORT DE MONTRÉAL 1,NAPS,QUÉBEC,MONTRÉAL,,,45.46806,-73.74111,33,
050129,050129,RIVIÈRE-DES-PRAIRIES,NAPS,QUÉBEC,MONTRÉAL,,,45.65169,-73.57383,29,
050130,050130,AÉROPORT DE MONTRÉAL 2,NAPS,QUÉBEC,MONTRÉAL,,,45.45750,-73.76778,28,
050131,050131,HOCHELAGA-MAISONNEUVE,NAPS,QUÉBEC,MONTRÉAL,,,45.53988,-73.54041,25,
050132,050132,AÉROPORT DE MONTRÉAL 3,NAPS,QUÉBEC,MONTRÉAL,,,45.46063,-73.78630,29,
050133,050133,CHENIER,NAPS,QUÉBEC,MONTRÉAL,,,45.60185,-73.54197,41,
050134,050134,MOLSON,NAPS,QUÉBEC,MONTRÉAL,,,45.54271,-73.57176,53,
050201,050201,RUE PRINCIPALE,NAPS,QUÉBEC,GATINEAU,,,45.42480,-75.72075,55,
050203,050203,GAMELIN,NAPS,QUÉBEC,GATINEAU,,,45.44417,-75.73889,86,
050204,050204,HULL,NAPS,QUÉBEC,GATINEAU,,,45.43572,-75.72328,62,
050301,050301,SAINT-ROCH,NAPS,QUÉBEC,QUÉBEC,,,46.81472,-71.21972,8,
050302,050302,BARDY,NAPS,QUÉBEC,QUÉBEC,,,46.84333,-71.22667,12,
050303,050303,LIMOILOU,NAPS,QUÉBEC,QUÉBEC,,,46.82472,-71.21639,2,
050304,050304,DORCHESTER,NAPS,QUÉBEC,QUÉBEC,,,46.81972,-71.22750,2,
050305,050305,MYRAND,NAPS,QUÉBEC,QUÉBEC,,,46.78361,-71.26333,80,
050306,050306,GOMIN,NAPS,QUÉBEC,QUÉBEC,,,46.78806,-71.26056,75,
050307,050307,CARTIER BRÉBOEUF,NAPS,QUÉBEC,QUÉBEC,,,46.82444,-71.23472,6,
050308,050308,DES SABLES,NAPS,QUÉBEC,QUÉBEC,,,46.82118,-71.22050,8,
050309,050309,SAINT-ANGE,NAPS,QUÉBEC,QUÉBEC,,,46.76917,-71.40250,43,
050310,050310,ST-CHARLES GARNIER,NAPS,QUÉBEC,QUÉBEC,,,46.79694,-71.24611,69,
050311,050311,PARC PRIMEVÈRE,NAPS,QUÉBEC,QUÉBEC,,,46.77417,-71.36972,26,
050401,050401,MARCHÉ PUBLIC,NAPS,QUÉBEC,SHERBROOKE,,,45.40454,-71.89990,182,
050402,050402,MC MANAMY,NAPS,QUÉBEC,SHERBROOKE,,,45.38917,-71.89722,226,
050403,050403,PARC WEBSTER,NAPS,QUÉBEC,SHERBROOKE,,,45.40222,-71.89056,165,
050404,050404,PARC CAMBRON,NAPS,QUÉBEC,SHERBROOKE,,,45.41250,-71.87444,211,
050501,050501,HÔTEL DE VILLE,NAPS,QUÉBEC,SAGUENAY,,,48.42804,-71.06834,4,
050502,050502,PONT ARNAUD,NAPS,QUÉBEC,SAGUENAY,,,48.40583,-71.12278,123,
050503,050503,RACINE,NAPS,QUÉBEC,SAGUENAY,,,48.42722,-71.06222,9,
050504,050504,UNIVERSITÉ CHICOUTIMI,NAPS,QUÉBEC,SAGUENAY,,,48.41639,-71.05250,82,
050601,050601,HÔTEL DE VILLE,NAPS,QUÉBEC,ROUYN-NORANDA,,,48.23750,-79.01694,292,
050602,050602,ÉCOLE LOOSEMORE,NAPS,QUÉBEC,ROUYN-NORANDA,,,48.23333,-79.01139,299,
050603,050603,ÉCOLE MURDOCK,NAPS,QUÉBEC,ROUYN-NORANDA,,,48.24556,-79.01500,293,
050604,050604,PARC TREMBLAY,NAPS,QUÉBEC,ROUYN-NORANDA,,,48.23444,-78.98333,289,
050701,050701,DEQUEN,NAPS,QUÉBEC,SEPT-ÎLES,,,50.20972,-66.38583,3,
050801,050801,URSULINES,NAPS,QUÉBEC,TROIS-RIVIÈRES,,,46.34806,-72.53750,11,
050901,050901,POWELL,NAPS,QUÉBEC,SAGUENAY,,,48.43611,-71.19861,92,
050902,050902,PARC BERTHIER,NAPS,QUÉBEC,SAGUENAY,,,48.43417,-71.18500,93,
051001,051001,LA FLÈCHE,NAPS,QUÉBEC,SOREL-TRACY,,,46.01750,-73.15889,11,
051002,051002,MARIE-VICTORIN,NAPS,QUÉBEC,SOREL-TRACY,,,46.03189,-73.15339,11,
051101,051101,JALBERT,NAPS,QUÉBEC,THETFORD MINES,,,46.10599,-71.30898,335,
051201,051201,FRIGON,NAPS,QUÉBEC,SHAWINIGAN,,,46.55444,-72.73556,113,
051301,051301,SAINTE-AMÉLIE,NAPS,QUÉBEC,BAIE COMEAU,,,49.21916,-68.14829,37,
051302,051302,CENTRE CULTUREL,NAPS,QUÉBEC,BAIE COMEAU,,,49.21750,-68.14722,48,
051401,051401,SAINT-ÉTIENNE-DE-BEAUHARNOIS,NAPS,QUÉBEC,ST-ÉTIENNE-DE-BEAUHARNOIS,,,45.25000,-73.91667,37,
051501,051501,ZÉPHIRIN,NAPS,QUÉBEC,ST. ZÉPHIRIN-DE-COURVAL,,,46.04250,-72.66000,50,
051601,051601,FRANÇOIS _2,NAPS,QUÉBEC,ST-FRANÇOIS-ILE-D'ORLÉANS,,,47.01667,-70.80000,7,
051701,051701,SAINT-BARNABÉ,NAPS,QUÉBEC,ST. BARNABÉ,,,46.48333,-72.88333,123,
051801,051801,ÉCOLE MARTEL 2,NAPS,QUÉBEC,SAINT-JOSEPH-DE-SOREL,,,46.04500,-73.12972,12,
051802,051802,GEORGE,NAPS,QUÉBEC,SOREL-TRACY,,,46.04472,-73.11389,11,
051901,051901,ROUTE 385 _FORESTVILLE,NAPS,QUÉBEC,FORESTVILLE,,,48.85583,-69.09778,170,
052001,052001,CHARETTE,NAPS,QUÉBEC,CHARETTE,,,46.44111,-72.89278,114,
052101,052101,RÉMI,NAPS,QUÉBEC,SAINT-RÉMI,,,45.20472,-73.64444,60,
052201,052201,SAINT-SIMON,NAPS,QUÉBEC,SAINT-SIMON,,,45.71583,-72.84028,38,
052301,052301,FAUSTIN,NAPS,QUÉBEC,SAINT-FAUSTIN-LAC-CARRÉ,,,46.03500,-74.48083,413,
052401,052401,LA PÊCHE,NAPS,QUÉBEC,LA PÊCHE,,,45.62222,-76.01778,191,
052501,052501,LA TUQUE # 1,NAPS,QUÉBEC,LA TUQUE,,,,,,
052502,052502,LA TUQUE # 2,NAPS,QUÉBEC,LA TUQUE,,,,,,
052601,052601,VARENNES 1,NAPS,QUÉBEC,VARENNES,,,45.72278,-73.37694,17,
052602,052602,VARENNES 2,NAPS,QUÉBEC,VARENNES,,,45.67417,-73.43833,11,
052603,052603,VARENNES - PM SPECIAL STUDY,NAPS,QUÉBEC,VARENNES,,,,,,
052701,052701,TEMISCAMING,NAPS,QUÉBEC,TÉMISCAMING,,,46.72139,-79.09972,249,
052801,052801,AUCLAIR,NAPS,QUÉBEC,AUCLAIR,,,47.73333,-68.70722,301,
052901,052901,CÔTE-OUIMET,NAPS,QUÉBEC,ST-CHARLES-GARNIER,,,48.29417,-68.11361,419,
053001,053001,MARGUERITE,NAPS,QUÉBEC,CAUSAPSCAL,,,48.31778,-67.06833,465,
053101,053101,CAP-ÉTERNITÉ,NAPS,QUÉBEC,RIVIÈRE-ÉTERNITÉ,,,48.25222,-70.40833,223,
053201,053201,PÉMONCA,NAPS,QUÉBEC,LA DORÉ,,,48.80972,-72.73889,222,
053301,053301,DESCHAMBAULT-RAMCO,NAPS,QUÉBEC,DESCHAMBAULT,,,46.68222,-71.96778,48,
053401,053401,CATHERINE,NAPS,QUÉBEC,STE-CATH.-DE-J-CARTIER,,,46.83694,-71.62278,126,
053501,053501,FRANÇOIS,NAPS,QUÉBEC,SAINT-FRANÇOIS,,,47.01472,-70.86444,59,
053601,053601,N.-D.-DU-ROSAIRE,NAPS,QUÉBEC,NOTRE-DAME-DU-ROSAIRE,,,46.85083,-70.45278,411,
053701,053701,HILAIRE,NAPS,QUÉBEC,ST-HILAIRE-DE-DORSET,,,45.82472,-70.85583,497,
053801,053801,TINGWICK,NAPS,QUÉBEC,TINGWICK,,,45.90750,-71.94917,243,
053901,053901,ÉDOUARD,NAPS,QUÉBEC,LAC-ÉDOUARD,,,47.64722,-72.29056,366,
054001,054001,MONTMORENCY,NAPS,QUÉBEC,MONTMORENCY,,,47.31667,-71.15000,670,
054101,054101,SUTTON,NAPS,QUÉBEC,SUTTON,,,45.07637,-72.67639,242,
054102,054102,ROUND TOP RIDGE,NAPS,QUÉBEC,SUTTON,,,45.08861,-72.55694,845,
054201,054201,CHAPAIS,NAPS,QUÉBEC,CHAPAIS,,,49.82222,-74.97639,381,
054301,054301,VILLEROY,NAPS,QUÉBEC,STE-FRANÇOISE,,,46.43333,-71.93333,103,
054401,054401,SAINT-ANICET,NAPS,QUÉBEC,SAINT-ANICET,,,45.11667,-74.28333,50,
054501,054501,L'ASSOMPTION,NAPS,QUÉBEC,L'ASSOMPTION,,,45.80942,-73.43473,10,
054601,054601,MURDOCHVILLE-PARC,NAPS,QUÉBEC,MURDOCHVILLE,,,48.95472,-65.49694,534,
054703,054703,BÉCANCOUR _ARÉNA,NAPS,QUÉBEC,BÉCANCOUR,,,46.35000,-72.43333,7,
054704,054704,GARAGE FORD CARIGNAN,NAPS,QUÉBEC,BÉCANCOUR,,,46.39722,-72.28667,8,
054801,054801,STUKELY,NAPS,QUÉBEC,STUKELY-SUD,,,45.36583,-72.26500,334,
054901,054901,DITTON,NAPS,QUÉBEC,LA PATRIE,,,45.37389,-71.25000,475,
055001,055001,MONT SAINT-MICHEL,NAPS,QUÉBEC,FERME NEUVE,,,46.76861,-75.43194,256,
055101,055101,BELL,NAPS,QUÉBEC,SENNETERRE,,,48.43250,-77.19972,299,
055201,055201,LEMIEUX,NAPS,QUÉBEC,LEMIEUX,,,46.30361,-72.06083,92,
055301,055301,L'ACADIE,NAPS,QUÉBEC,SAINT-JEAN-SUR-RICHELIEU,,,45.29417,-73.34888,35,
055401,055401,ROY,NAPS,QUÉBEC,TROIS-RIVIÈRES,,,46.36194,-72.51111,10,
055501,055501,FRELIGHSBURG,NAPS,QUÉBEC,FRELIGHSBURG,,,45.05167,-72.86167,203,
055601,055601,MINGAN,NAPS,QUÉBEC,MINGAN,,,50.27139,-64.22639,14,
055701,055701,CHARNY,NAPS,QUÉBEC,LÉVIS,,,46.70889,-71.26694,69,
060101,060101,HYDRO BLDG.,NAPS,ONTARIO,OTTAWA,,,45.42111,-75.69500,91,
060102,060102,EXPERIMENTAL FARM,NAPS,ONTARIO,OTTAWA,,,45.38129,-75.71407,78,
060103,060103,GILMOUR STREET,NAPS,ONTARIO,OTTAWA,,,45.41417,-75.69417,72,
060104,060104,Ottawa Downtown,NAPS,ONTARIO,OTTAWA,,,45.43433,-75.67600,72,
060105,060105,NRC,NAPS,ONTARIO,OTTAWA,,,45.44111,-75.61528,80,
060106,060106,Ottawa Central,NAPS,ONTARIO,Ottawa,,,45.38253,-75.71419,84,
060201,060201,MORTON TERMINAL DOCK,NAPS,ONTARIO,WINDSOR,,,42.26667,-83.09583,173,
060202,060202,CITY HALL,NAPS,ONTARIO,WINDSOR,,,42.31750,-83.03556,174,
060203,060203,TECUMSEH WATER WORKS,NAPS,ONTARIO,WINDSOR,,,42.33806,-82.92722,175,
060204,060204,U.I.C. BLDG. _Windsor Downtown,NAPS,ONTARIO,WINDSOR,,,42.31578,-83.04367,184,
060206,060206,3120 DOUGALL AVENUE,NAPS,ONTARIO,WINDSOR,,,42.27095,-83.01255,188,
060209,060209,E.C. ROWE & JEFFERSON,NAPS,ONTARIO,WINDSOR,,,42.29040,-82.93912,183,
060211,060211,COLLEGE & SOUTH ST. _Windsor West,NAPS,ONTARIO,WINDSOR,,,42.29289,-83.07314,184,
060212,060212,WRIGHT & WATER ST.,NAPS,ONTARIO,WINDSOR,,,42.27583,-83.09667,173,
060213,060213,FILTRATION PLANT,NAPS,ONTARIO,WINDSOR,,,42.32462,-82.99242,175,
060214,060214,ST. GABRIEL S.S.,NAPS,ONTARIO,WINDSOR,,,42.25696,-83.02130,183,
060215,060215,ST. ALEXANDER S.S.,NAPS,ONTARIO,WINDSOR,,,42.30000,-82.95000,183,
060216,060216,ST. GREGORY S.S.,NAPS,ONTARIO,WINDSOR,,,42.31667,-82.85000,176,
060301,060301,QUEEN'S UNIVERSITY,NAPS,ONTARIO,KINGSTON,,,44.22611,-76.49722,87,
060302,060302,KINGSTON ,NAPS,ONTARIO,KINGSTON,,,44.23067,-76.50883,82,
060303,060303,KINGSTON _New Location,NAPS,ONTARIO,KINGSTON,,,44.21625,-76.52831,101,
060401,060401,67 COLLEGE STREET,NAPS,ONTARIO,TORONTO,,,43.66028,-79.38750,102,
060402,060402,ONTARIO SCIENCE CENTRE,NAPS,ONTARIO,TORONTO,,,43.71500,-79.34111,105,
060403,060403,EVANS & ARNOLD,NAPS,ONTARIO,TORONTO,,,43.61917,-79.51833,101,
060404,060404,5126 YONGE STREET,NAPS,ONTARIO,TORONTO,,,43.76361,-79.41611,181,
060405,060405,JOHN STREET PUMP STATION,NAPS,ONTARIO,TORONTO,,,43.63639,-79.39250,76,
060406,060406,ROSEHILL RESERVOIR,NAPS,ONTARIO,TORONTO,,,43.68444,-79.39111,134,
060408,060408,DANFORTH & ROBINSON,NAPS,ONTARIO,TORONTO,,,43.69306,-79.27889,126,
060409,060409,REDLAND CRESCENT,NAPS,ONTARIO,TORONTO,,,43.70917,-79.23750,143,
060410,060410,LAWRENCE & KENNEDY _Toronto East_,NAPS,ONTARIO,TORONTO,,,43.74792,-79.27406,172,
060411,060411,PHARMACY & HWY 401,NAPS,ONTARIO,TORONTO,,,43.76902,-79.31463,172,
060412,060412,BATHURST & WILSON,NAPS,ONTARIO,TORONTO,,,43.73583,-79.43667,181,
060413,060413,CENTENNIAL PARK _Etobicoke West_,NAPS,ONTARIO,TORONTO,,,43.64852,-79.59138,137,
060414,060414,SHERBOURNE & WILTON ST.,NAPS,ONTARIO,TORONTO,,,43.64750,-79.36778,78,
060415,060415,MISSISSAGUA HOSPITAL _Mississauga_,NAPS,ONTARIO,MISSISSAUGUA,,,43.56862,-79.61058,98,
060416,060416,381 YONGE STREET,NAPS,ONTARIO,TORONTO,,,43.66667,-79.38333,111,
060417,060417,26 BREADALBANE STREET,NAPS,ONTARIO,TORONTO,,,43.66083,-79.38583,102,
060418,060418,JUNCTION TRIANGLE,NAPS,ONTARIO,TORONTO,,,43.66293,-79.45154,119,
060419,060419,CN TOWER,NAPS,ONTARIO,TORONTO,,,43.65000,-79.38333,108,
060420,060420,LEASIDE HYDRO STATION,NAPS,ONTARIO,TORONTO,,,43.70000,-79.35000,90,
060421,060421,YONGE ST. & FINCH AVE. _Toronto North_,NAPS,ONTARIO,TORONTO,,,43.77949,-79.41682,181,
060422,060422,33 EDGAR AVE.,NAPS,ONTARIO,TORONTO,,,43.71667,-79.53333,135,
060423,060423,CLEARVIEW HEIGHTS,NAPS,ONTARIO,TORONTO,,,43.70000,-79.48333,129,
060424,060424,BAY & WELLESLEY _Toronto Downtown_,NAPS,ONTARIO,TORONTO,,,43.66297,-79.38811,115,
060425,060425,QUEEN & UNIVERSITY,NAPS,ONTARIO,TORONTO,,,43.65028,-79.38694,90,
060426,060426,CLARKSON REFINERY,NAPS,ONTARIO,TORONTO,,,43.50750,-79.60833,77,
060427,060427,GAGE INSTITUTE,NAPS,ONTARIO,TORONTO,,,43.65822,-79.39718,122,
060428,060428,BRAMPTON _Brampton_,NAPS,ONTARIO,BRAMPTON,,,43.69875,-79.78092,234,
060429,060429,JUDSON ST. & ETONA CT. _Etobicoke_,NAPS,ONTARIO,TORONTO,,,43.61359,-79.50754,90,
060430,060430,125 RESOURCES ROAD,NAPS,ONTARIO,TORONTO,,,43.70944,-79.54350,149,
060431,060431,MSC/DOWNSVIEW,NAPS,ONTARIO,TORONTO,,,43.78111,-79.46833,183,
060432,060432,FRANK MCKECHNIE COMMERCIAL CENTRE _Mississauga_,NAPS,ONTARIO,MISSISSAUGUA,,,43.61583,-79.65250,165,
060433,060433,BAY & WELLESLEY _Toronto Downtown,NAPS,Ontario,TORONTO,,,43.66417,-79.38722,107,
060434,060434,Mississauga UofT Campus,NAPS,ONTARIO,MISSISSAUGUA,,,43.54697,-79.65869,110,
060435,060435,ETOBICOKE SOUTH-2,NAPS,ONTARIO,,,,43.61141,-79.52181,97,
060501,060501,WOODLANDS PARK,NAPS,ONTARIO,HAMILTON,,,43.25917,-79.84389,83,
060502,060502,BURLINGTON & GAGE,NAPS,ONTARIO,HAMILTON,,,43.26306,-79.82361,78,
060503,060503,CHATHAM & FRID,NAPS,ONTARIO,HAMILTON,,,43.26306,-79.89389,89,
060505,060505,NORTH PARK,NAPS,ONTARIO,HAMILTON,,,43.28222,-79.78833,74,
060507,060507,HUGHSON & HUNTER,NAPS,ONTARIO,HAMILTON,,,43.25361,-79.86944,100,
060510,060510,STRATHEARN,NAPS,ONTARIO,HAMILTON,,,43.26389,-79.78556,74,
060511,060511,467 BEACH BLVD.,NAPS,ONTARIO,HAMILTON,,,43.27580,-79.78142,74,
060512,060512,BEASLEY PARK _Hamilton Downtown_,NAPS,ONTARIO,HAMILTON,,,43.25778,-79.86167,94,
060513,060513,HAMILTON MOUNTAIN _Hamilton Mountain_,NAPS,ONTARIO,HAMILTON,,,43.22942,-79.86278,212,
060514,060514,NASH RD. & KENTLEY DR.,NAPS,ONTARIO,HAMILTON,,,43.23333,-79.76667,84,
060515,060515,MAIN ST. & HWY 403 _Hamilton West_,NAPS,ONTARIO,HAMILTON,,,43.25744,-79.90775,99,
060516,060516,HARBOUR BAY FRONT,NAPS,ONTARIO,HAMILTON,,,43.48333,-79.91667,319,
060517,060517,CONFEDERATION PARK,NAPS,ONTARIO,HAMILTON,,,43.24722,-79.75111,74,
060518,060518,HOMESIDE II,NAPS,ONTARIO,HAMILTON,,,43.24917,-79.79472,81,
060519,060519,NIAGARA & LAND STREET,NAPS,ONTARIO,HAMILTON,,,43.27000,-79.84056,74,
060520,060520,GERTRUDE & DEPEW ST.,NAPS,ONTARIO,HAMILTON,,,43.25000,-79.81667,82,
060602,060602,ASH STREET,NAPS,ONTARIO,SUDBURY,,,46.49472,-81.00778,290,
060605,060605,19 LISGAR STREET,NAPS,ONTARIO,SUDBURY,,,46.49361,-80.99333,259,
060606,060606,KENNEDY STREET,NAPS,ONTARIO,SUDBURY,,,46.52333,-80.94250,272,
060607,060607,SCIENCE CENTRE NORTH _Sudbury_,NAPS,ONTARIO,SUDBURY,,,46.47569,-80.96294,263,
060608,060608,MARKET ST. COPPER CLIFF,NAPS,ONTARIO,SUDBURY,,,46.46667,-81.06667,267,
060609,060609,RAMSEY LAKE ROAD _Sudbury_,NAPS,ONTARIO,SUDBURY,,,46.47567,-80.96300,259,
060701,060701,PROV ONTARIO BUILDING,NAPS,ONTARIO,SAULT STE. MARIE,,,46.51111,-84.33167,191,
060702,060702,ANNA MCREA PUBLIC SCHOOL,NAPS,ONTARIO,SAULT STE. MARIE,,,46.50806,-84.28056,190,
060703,060703,BAYVIEW & YOUNG,NAPS,ONTARIO,SAULT STE. MARIE,,,46.55444,-84.38528,216,
060704,060704,QUEEN & ELGIN,NAPS,ONTARIO,SAULT STE. MARIE,,,46.51194,-84.33333,183,
060705,060705,550 QUEEN STREET WEST,NAPS,ONTARIO,SAULT STE. MARIE,,,46.51944,-84.35556,187,
060706,060706,FARWELL PUMP HOUSE,NAPS,ONTARIO,SAULT STE. MARIE,,,46.52917,-84.36111,188,
060707,060707,WM. MERRIFIELD SCHOOL _Sault Ste. Marie_,NAPS,ONTARIO,SAULT STE. MARIE,,,46.52786,-84.35432,188,
060708,060708,BONNEY ST. PUMPHOUSE,NAPS,ONTARIO,SAULT STE. MARIE,,,46.51667,-84.38333,183,
060709,060709,SAULT COLLEGE _Sault Ste. Marie_,NAPS,ONTARIO,SAULT STE. MARIE,,,46.53319,-84.30992,252,
060801,060801,HOSPITAL,NAPS,ONTARIO,THUNDER BAY,,,48.43694,-89.22389,212,
060802,060802,185 GORE STREET,NAPS,ONTARIO,THUNDER BAY,,,48.36583,-89.28778,192,
060805,060805,521 MEMORIAL AVENUE,NAPS,ONTARIO,THUNDER BAY,,,48.42087,-89.23855,197,
060806,060806,435 JAMES S.,NAPS,ONTARIO,THUNDER BAY,,,48.37778,-89.29028,196,
060807,060807,615 JAMES STREET SOUTH _Thunder Bay_,NAPS,ONTARIO,THUNDER BAY,,,48.37303,-89.29157,197,
060809,060809,421 JAMES STREET SOUTH _Thunder Bay_,NAPS,ONTARIO,THUNDER BAY,,,48.37939,-89.29017,207,
060901,060901,QUEEN'S PARK,NAPS,ONTARIO,LONDON,,,42.98917,-81.22417,205,
060902,060902,372 DUNDAS,NAPS,ONTARIO,LONDON,,,42.98639,-81.24083,247,
060903,060903,LONDON AQI SITE _London_ 900 Highbury Ave.,NAPS,ONTARIO,LONDON,,,43.00672,-81.20642,273,
061001,061001,156 VICTORIA STREET,NAPS,ONTARIO,SARNIA,,,42.97306,-82.40611,183,
061002,061002,YACHT CLUB,NAPS,ONTARIO,SARNIA,,,43.00271,-82.41682,176,
061003,061003,LAMBTON COLLEGE,NAPS,ONTARIO,SARNIA,,,42.98306,-82.40306,182,
061004,061004,CENTENNIAL PARK _Sarnia_,NAPS,ONTARIO,SARNIA,,,42.98228,-82.40508,182,
061005,061005,MTC SHED,NAPS,ONTARIO,SARNIA,,,42.95000,-82.20000,206,
061006,061006,6TH. LINE MOORE TWSP,NAPS,ONTARIO,SARNIA,,,42.96667,-82.40000,185,
061007,061007,AAMJIWNAANG,NAPS,ONTARIO,SARNIA,,,42.91250,-82.46688,180,
061102,061102,139 GEORGE STREET,NAPS,ONTARIO,PETERBOROUGH,,,44.29869,-78.31978,192,
061103,061103,500 GEORGE STREET,NAPS,ONTARIO,PETERBOROUGH,,,44.30889,-78.32056,205,
061104,061104,10 HOSPITAL DRIVE _Peterborough_,NAPS,ONTARIO,PETERBOROUGH,,,44.30192,-78.34622,236,
061201,061201,MEMORIAL PARK _Cornwall_,NAPS,ONTARIO,CORNWALL,,,45.01797,-74.73522,59,
061301,061301,NORTH ST. & GENEVA ST.,NAPS,ONTARIO,ST. CATHARINES,,,43.16472,-79.23917,107,
061302,061302,ARGYLE CRESCENT _St. Catherines_,NAPS,ONTARIO,ST. CATHARINES,,,43.16006,-79.23475,109,
061303,061303,71 KING STREET,NAPS,ONTARIO,ST. CATHARINES,,,43.15810,-79.24669,105,
061401,061401,DALHOUSIE & QUEEN,NAPS,ONTARIO,BRANTFORD,,,43.13928,-80.26588,212,
061402,061402,324 GRAND RIVER AVE. _Brantford_,NAPS,ONTARIO,BRANTFORD,,,43.13861,-80.29264,210,
061501,061501,WEBER PARK,NAPS,ONTARIO,KITCHENER,,,43.45778,-80.47222,327,
061502,061502,WEST AVE. & HOMEWOOD _Kitchener_,NAPS,ONTARIO,KITCHENER,,,43.44383,-80.50381,325,
061601,061601,REBECCA & WOODSIDE,NAPS,ONTARIO,OAKVILLE,,,43.41750,-79.69917,84,
061602,061602,BRONTE RD. & WOBURN CRES. _Oakville_,NAPS,ONTARIO,OAKVILLE,,,43.40062,-79.72750,90,
061603,061603,8TH LINE GLENASHTON DR. HALTON RESERVE,NAPS,ONTARIO,OAKVILLE,,,43.48692,-79.70228,177,
061701,061701,RITSON RD. & OLIVE AVE. _Oshawa_,NAPS,ONTARIO,OSHAWA,,,43.88908,-78.84996,99,
061702,061702,DURHAM COLLEGE,NAPS,ONTARIO,OSHAWA,,,43.94594,-78.89492,162,
061801,061801,FARQUHAR & WYNDHAM,NAPS,ONTARIO,GUELPH,,,43.54333,-80.24667,332,
061802,061802,EXHIBITION PARK ARENA _Guelph_,NAPS,ONTARIO,GUELPH,,,43.55161,-80.26417,335,
061901,061901,WALPOLE ISLAND,NAPS,ONTARIO,WALPOLE ISLAND,,,42.53833,-82.41111,174,
061902,061902,BEAR CREEK/WALLACEBURG,NAPS,ONTARIO,CHATHAM-KENT,,,42.53558,-82.38970,175,
062001,062001,CHIPPEWA ST. - DND _North Bay_,NAPS,ONTARIO,NORTH BAY,,,46.32323,-79.44928,223,
062101,062101,COLLEGE OF AGRIC.,NAPS,ONTARIO,HURON PARK,,,43.28333,-81.50000,251,
062201,062201,MOE WATER PUMP STN. _Merlin_,NAPS,ONTARIO,MERLIN,,,42.24407,-82.22301,191,
062301,062301,PUB. BLDG.,NAPS,ONTARIO,THEDFORD,,,43.16460,-81.85740,206,
062401,062401,PUC BLDG.,NAPS,ONTARIO,PARKHILL,,,43.16667,-81.68333,203,
062501,062501,TIVERTON _Tiverton_,NAPS,ONTARIO,TIVERTON,,,44.31447,-81.54972,230,
062601,062601,EXPERIMENTAL FARM _Simcoe_,NAPS,ONTARIO,SIMCOE,,,42.85690,-80.27028,236,
062701,062701,PROVINCIAL PARK _Long Point_,NAPS,ONTARIO,LONG POINT,,,42.58333,-80.38333,173,
062801,062801,WEBER & UNIVERSITY,NAPS,ONTARIO,WATERLOO,,,43.48333,-80.51667,320,
062901,062901,ALLENDALE AVE.,NAPS,ONTARIO,NIAGARA FALLS,,,43.08333,-79.08333,196,
062902,062902,STANLEY/HWY 405,NAPS,ONTARIO,NIAGARA FALLS,,,43.10000,-79.08333,182,
063001,063001,HWY 2 & NORTH SHORE BLVD. _Burlington_,NAPS,ONTARIO,BURLINGTON,,,43.31511,-79.80264,83,
063101,063101,509 VICTORIA STREET E.,NAPS,ONTARIO,ALLISTON,,,44.15000,-79.85000,219,
063201,063201,HWY 47 & HWY 48 _York Region_,NAPS,ONTARIO,STOUFFVILLE,,,43.96458,-79.26607,257,
063301,063301,HWY 117 & PAINT LAKE ROAD _Dorset_,NAPS,ONTARIO,DORSET,,,45.22428,-78.93294,321,
063401,063401,HAWKEYE LAKE,NAPS,ONTARIO,HAWKEYE LAKE,,,48.66667,-89.48333,437,
063501,063501,HIGH FALLS,NAPS,ONTARIO,HIGH FALLS,,,46.38070,-81.54480,219,
063601,063601,LONGWOODS CONS. AUTHORITY,NAPS,ONTARIO,LONGWOODS,,,42.88333,-81.48333,240,
063701,063701,POINT BLAKE CONSERVATION AREA Grand Bend,NAPS,ONTARIO,GRAND BEND,,,43.33308,-81.74289,189,
063801,063801,NANTICOKE VILLAGE,NAPS,ONTARIO,NANTICOKE,,,42.81667,-80.08333,185,
063802,063802,SOUTH WALPOLE,NAPS,ONTARIO,NANTICOKE,,,42.83333,-80.03333,190,
063901,063901,CLOUD RIVER,NAPS,ONTARIO,CLOUD RIVER,,,48.15000,-89.45000,274,
064001,064001,EXPERIMENTAL LAKES AREA,NAPS,ONTARIO,EXP. LAKES AREA,,,49.66389,-93.72111,369,
064101,064101,ALGOMA,NAPS,ONTARIO,ALGOMA,,,47.03361,-84.37889,411,
064201,064201,CHALK RIVER,NAPS,ONTARIO,CHALK RIVER,,,46.06278,-77.40472,184,
064301,064301,LONGWOODS,NAPS,ONTARIO,LONGWOODS,,,42.88472,-81.48056,239,
064401,064401,EGBERT,NAPS,ONTARIO,EGBERT,,,44.23111,-79.78306,253,
064501,064501,PORTAGE/CHURCH ST.,NAPS,ONTARIO,FORT FRANCES,,,48.61667,-93.40000,340,
064502,064502,ROBERT MOORE P.S.,NAPS,ONTARIO,FORT FRANCES,,,48.63333,-93.38333,342,
064601,064601,PT. PETRE,NAPS,ONTARIO,PT. PETRE,,,43.83990,-77.15514,74,
064701,064701,1385 RIVER ROAD _Georgian Bay South_,NAPS,ONTARIO,WASAGA BEACH,,,44.56667,-80.00000,175,
064801,064801,EARL LANTZ PROPERTY,NAPS,ONTARIO,BEACHVILLE,,,43.10000,-80.86667,308,
064901,064901,185 KING ST. S.,NAPS,ONTARIO,THOROLD,,,43.11667,-79.20000,178,
065001,065001,OLD PUC _Barrie_,NAPS,ONTARIO,BARRIE,,,44.39222,-79.70417,250,
065101,065101,EAGLE ST. & McCAFFREY RD. _NewMarket_,NAPS,ONTARIO,NEWMARKET,,,44.04431,-79.48325,273,
065201,065201,7 BAY STREET _Parry Sound_,NAPS,ONTARIO,PARRY SOUND,,,45.33786,-80.03817,181,
065301,065301,ELGIN WATER TREATMENT PLANT _Port Stanley_,NAPS,ONTARIO,PORT STANLEY,,,42.67208,-81.16289,217,
065401,065401,WATER TREATMENT PLANT _Belleville_,NAPS,ONTARIO,BELLEVILLE,,,44.15053,-77.39550,85,
065501,065501,BURNT ISLAND,NAPS,ONTARIO,BURNT ISLAND,,,45.80810,-82.95080,182,
065601,065601,ESSEX SITE,NAPS,ONTARIO,ESSEX  ,,,42.16000,-82.83333,193,
065701,065701,MORRISBURG,NAPS,ONTARIO,MORRISBURG,,,44.89975,-75.18994,69,
065801,065801,CHATHAM,NAPS,ONTARIO,CHATHAM,,,42.40369,-82.20831,194,
065901,065901,PICKLE LAKE,NAPS,ONTARIO,PICKLE LAKE,,,51.45222,-90.21750,393,
066001,066001,FRASERDALE,NAPS,ONTARIO,FRASERDALE,,,49.88333,-81.56666,167,
066101,066101,Bonner Lake,NAPS,ONTARIO,Moonbeam,,,49.38639,-82.12139,245,
066201,066201,Petawawa,NAPS,ONTARIO,CHALK RIVER (Petawawa),,,45.99672,-77.44119,180,
070101,070101,270 OSBORNE STREET,NAPS,MANITOBA,WINNIPEG,,,49.87381,-97.14167,227,
070102,070102,PORTAGE & WOODLAWN,NAPS,MANITOBA,WINNIPEG,,,49.87778,-97.23333,232,
070103,070103,HARTFORD & MAIN,NAPS,MANITOBA,WINNIPEG,,,49.93639,-97.11775,236,
070104,070104,UNION STOCK YARDS,NAPS,MANITOBA,WINNIPEG,,,49.88000,-97.08556,226,
070105,070105,MARTIN & HENDERSON HWY,NAPS,MANITOBA,WINNIPEG,,,49.91694,-97.11333,225,
070110,070110,KENNEDY & ST. MARY'S,NAPS,MANITOBA,WINNIPEG,,,49.88972,-97.14667,232,
070113,070113,WINDERMERE & ROCKMAN,NAPS,MANITOBA,WINNIPEG,,,49.84778,-97.15500,227,
070115,070115,PORTAGE & MINTO,NAPS,MANITOBA,WINNIPEG,,,49.88444,-97.18000,239,
070116,070116,SMITH & KING,NAPS,MANITOBA,WINNIPEG,,,49.89583,-97.14389,237,
070118,070118,CITY OF WINNIPEG FLOOD PUMP ST,NAPS,MANITOBA,WINNIPEG,,,49.93207,-97.11317,227,
070119,070119,65 ELLEN STREET,NAPS,MANITOBA,WINNIPEG,,,49.89795,-97.14665,229,
070120,070120,ST. VITAL - ST.BONIFACE COMMUN,NAPS,MANITOBA,WINNIPEG,,,49.86278,-97.11194,230,
070121,070121,301 WESTON STREET,NAPS,MANITOBA,WINNIPEG,,,49.80000,-97.10000,227,
070201,070201,11TH ST. & PRINCESS AVE.,NAPS,MANITOBA,BRANDON,,,49.84693,-99.95258,379,
070202,070202,12TH ST. & HILL AVE.,NAPS,MANITOBA,BRANDON,,,49.83187,-99.95402,388,
070203,070203,ASSINIBOINE COMM. COLLEGE,NAPS,MANITOBA,BRANDON,,,49.83913,-99.92050,385,
070301,070301,PROVINCIAL BUILDING,NAPS,MANITOBA,FLIN FLON,,,54.76500,-101.87528,339,
070401,070401,TRANSCONA - PM SPECIAL STUDY,NAPS,MANITOBA,TRANSCONA,,,,,,
080102,080102,3211 ALBERT STREET,NAPS,SASKATCHEWAN,REGINA,,,50.42750,-104.61500,574,
080108,080108,12TH AVENUE & SMITH ST.,NAPS,SASKATCHEWAN,REGINA,,,50.39889,-104.61389,577,
080109,080109,1620 ALBERT STREET,NAPS,SASKATCHEWAN,REGINA,,,50.45306,-104.61778,584,
080110,080110,2505 11TH. AVENUE,NAPS,SASKATCHEWAN,REGINA,,,50.45017,-104.61722,585,
080202,080202,CITY LIBRARY,NAPS,SASKATCHEWAN,SASKATOON,,,52.12964,-106.65959,478,
080203,080203,PORTEOUS LODGE,NAPS,SASKATCHEWAN,SASKATOON,,,52.13889,-106.69389,498,
080209,080209,IDYLWYLD DR. & 33RD ST.,NAPS,SASKATCHEWAN,SASKATOON,,,52.14333,-106.66889,504,
080210,080210,CENTRAL HAVEN,NAPS,SASKATCHEWAN,SASKATOON,,,52.14306,-106.67667,503,
080211,080211,CORMAN PARK,NAPS,SASKATCHEWAN,SASKATOON,,,52.13613,-106.66293,483,
080301,080301,FAIRFORD ST. & 1ST AVE.,NAPS,SASKATCHEWAN,MOOSEJAW,,,50.39444,-105.53833,581,
080302,080302,110 OMINICA STREET,NAPS,SASKATCHEWAN,MOOSEJAW,,,50.39345,-105.53759,548,
080401,080401,1257 - 1ST AVE. EAST,NAPS,SASKATCHEWAN,PRINCE ALBERT,,,53.20306,-105.75278,455,
080402,080402,63 - 12th STREET EAST _PA Station_,NAPS,SASKATCHEWAN,PRINCE ALBERT,,,53.20169,-105.75203,436,
080501,080501,1 ST. & 14TH AVE.,NAPS,SASKATCHEWAN,ESTEVAN,,,49.14083,-103.00111,565,
080601,080601,44TH ST. & 48TH AVE.,NAPS,SASKATCHEWAN,LLOYDMINSTER,,,53.27833,-110.00000,646,
080701,080701,CORONACH,NAPS,SASKATCHEWAN,CORONACH,,,49.11667,-105.51667,786,
080801,080801,PENSE,NAPS,SASKATCHEWAN,PENSE,,,50.34861,-104.98333,581,
080901,080901,BRATT'S LAKE,NAPS,SASKATCHEWAN,BRATT'S LAKE,,,50.20083,-104.71028,595,
081001,081001,SPEEDY CREEK ,NAPS,SASKATCHEWAN,SWIFT CURRENT,,,50.28583,-107.81689,753,
090103,090103,146 ST. & 92ND AVENUE,NAPS,ALBERTA,EDMONTON,,,53.52626,-113.57091,667,
090109,090109,149 ST. & 115 AVENUE,NAPS,ALBERTA,EDMONTON,,,53.56519,-113.57793,676,
090114,090114,109TH ST. & 98TH AVENUE,NAPS,ALBERTA,EDMONTON,,,53.53555,-113.50896,666,
090118,090118,73 AVENUE & 95 STREET,NAPS,ALBERTA,EDMONTON,,,53.50962,-113.47359,670,
090120,090120,EDMONTON SOUTH,NAPS,ALBERTA,EDMONTON,,,53.50022,-113.52600,675,
090121,090121,EDMONTON EAST,NAPS,ALBERTA,EDMONTON,,,53.54823,-113.36811,670,
090122,090122,EDMONTON NORTHWEST ,NAPS,ALBERTA,EDMONTON,,,53.59472,-113.53889,678,
090123,090123,100 ST. & 102 AVENUE,NAPS,ALBERTA,EDMONTON,,,53.54378,-113.49050,675,
090125,090125,PRINS ELIZABETH & 108 ST,NAPS,ALBERTA,EDMONTON,,,53.56409,-113.50695,674,
090126,090126,77 AVENUE & 85 STREET,NAPS,ALBERTA,EDMONTON,,,53.51278,-113.45639,670,
090127,090127,115 AVENUE & 159 STREET,NAPS,ALBERTA,EDMONTON,,,53.56750,-113.59917,683,
090128,090128,99 AVENUE & 160 STREET,NAPS,ALBERTA,EDMONTON,,,53.53750,-113.59611,672,
090129,090129,101 AVENUE & 17 STREET,NAPS,ALBERTA,EDMONTON,,,53.53750,-113.59611,672,
090130,090130,EDMONTON CENTRAL,NAPS,ALBERTA,EDMONTON,,,53.54449,-113.49893,663,
090131,090131,SHERWOOD PARK ,NAPS,ALBERTA,SHERWOOD PARK,,,53.53194,-113.32056,717,
090132,090132,EDMONTON MCINTYRE,NAPS,ALBERTA,EDMONTON,,,53.48600,-113.46460,682,
090203,090203,407-31 AVENUE N.W.,NAPS,ALBERTA,CALGARY,,,51.08048,-114.06784,1082,
090204,090204,316-7TH AVENUE,NAPS,ALBERTA,CALGARY,,,51.04500,-114.04861,1044,
090216,090216,GLENMORE TRAIL & 18 ST.,NAPS,ALBERTA,CALGARY,,,51.00361,-114.09889,1089,
090218,090218,CALGARY EAST ,NAPS,ALBERTA,CALGARY,,,51.00943,-114.02542,1029,
090219,090219,620-7TH AVENUE S.W.,NAPS,ALBERTA,CALGARY,,,51.04694,-114.07472,1048,
090220,090220,26 AVE. & 4 STREET N.W.,NAPS,ALBERTA,CALGARY,,,51.07606,-114.07148,1090,
090221,090221,DALHOUSIE DR & DALHAM DR,NAPS,ALBERTA,CALGARY,,,51.10611,-114.15167,1140,
090222,090222,CALGARY NORTHWEST ,NAPS,ALBERTA,CALGARY,,,51.08018,-114.14529,1120,
090223,090223,11 ST. & 38 AVE. S.E.,NAPS,ALBERTA,CALGARY,,,51.02056,-114.03361,1042,
090224,090224,OGDENDALE & 71 AVE S.E.,NAPS,ALBERTA,CALGARY,,,50.98861,-113.98944,1024,
090225,090225,PALLISER DR & OAKWOOD SW,NAPS,ALBERTA,CALGARY,,,50.96944,-114.12472,1104,
090226,090226,SHEPPARD & 84 AVE S.E.,NAPS,ALBERTA,CALGARY,,,50.97806,-113.99306,1036,
090227,090227,CALGARY CENTRAL,NAPS,ALBERTA,CALGARY,,,51.04778,-114.07556,1044,
090228,090228,CALGARY CENTRAL-2,NAPS,ALBERTA,CALGARY,,,51.04761,-114.07517,105,
090301,090301,4747 50TH STREET,NAPS,ALBERTA,RED DEER,,,52.26944,-113.80833,862,
090302,090302,RED DEER RIVERSIDE DRIVE ,NAPS,ALBERTA,RED DEER,,,52.29881,-113.79411,858,
090401,090401,770 FIRST STREET S.E.,NAPS,ALBERTA,MEDICINE HAT,,,50.05000,-110.66667,686,
090402,090402,CRESCENT HEIGHTS,NAPS,ALBERTA,MEDICINE HAT,,,50.04893,-110.68116,709,
090501,090501,13 ST. & 9 AVENUE S.,NAPS,ALBERTA,LETHBRIDGE,,,49.69500,-112.82278,909,
090502,090502,LETHBRIDGE,NAPS,ALBERTA,LETHBRIDGE,,,49.71621,-112.80060,918,
090601,090601,FORT SASKATCHEWAN,NAPS,ALBERTA,FORT SASKATCHEWAN,,,53.69887,-113.22328,628,
090602,090602,RANGE ROAD 220,NAPS,ALBERTA,FORT SASKATCHEWAN,,,53.75236,-113.12589,625,
090603,090603,ROSS CREEK,NAPS,ALBERTA,FORT SASKATCHEWAN,,,53.71622,-113.19994,620,
090604,090604,SCOTFORD,NAPS,ALBERTA,FORT SASKATCHEWAN,,,53.79142,-113.07867,648,
090605,090605,STATION 401,NAPS,ALBERTA,FORT SASKATCHEWAN,,,53.71070,-113.16461,619,
090701,090701,FORT MCMURRAY ATHABASCA VALLEY,NAPS,ALBERTA,FORT MCMURRAY,,,56.73280,-111.39020,260,
090702,090702,FORT MCMURRAY PATRICIA MCINNES,NAPS,ALBERTA,FORT MCMURRAY,,,56.75222,-111.47611,355,
090703,090703,MILLENNIUM,NAPS,ALBERTA,FORT MCMURRAY,,,56.88892,-111.38310,340,
090801,090801,FORT MCKAY,NAPS,ALBERTA,FORT MACKAY,,,57.18941,-111.64050,268,
090802,090802,LOWER CAMP ,NAPS,ALBERTA,FORT MACKAY,,,57.02694,-111.50083,247,
090803,090803,MILDRED LAKE ,NAPS,ALBERTA,FORT MACKAY,,,57.05000,-111.56444,313,
090804,090804,MANNIX ,NAPS,ALBERTA,FORT MACKAY,,,56.96778,-111.48194,331,
090805,090805,BUFFALO VIEWPOINT,NAPS,ALBERTA,FORT MACKAY,,,56.99667,-111.59250,336,
090806,090806,SYNCRUDE UE1,NAPS,ALBERTA,FORT MACKAY,,,57.14920,-111.64240,342,
090901,090901,ROYAL PARK _RLPK_,NAPS,ALBERTA,VEGREVILLE,,,53.57528,-112.19389,656,
091001,091001,ESTHER,NAPS,ALBERTA,ESTHER,,,51.66667,-110.20000,707,
091101,091101,ELK ISLAND NATIONAL PARK,NAPS,ALBERTA,ELK ISLAND,,,53.68238,-112.86812,714,
091201,091201,HIGHTOWER RIDGE,NAPS,ALBERTA,HIGHTOWER RIDGE,,,53.64675,-118.17837,1500,
091301,091301,TOMAHAWK,NAPS,ALBERTA,TOMAHAWK,,,53.37255,-114.76835,789,
091401,091401,VIOLET GROVE,NAPS,ALBERTA,VIOLET GROVE,,,53.14222,-115.13806,1000,
091501,091501,BEAVERLODGE,NAPS,ALBERTA,BEAVERLODGE,,,55.19634,-119.39682,762,
091601,091601,CARROT CREEK,NAPS,ALBERTA,CARROT CREEK,,,53.62174,-115.85726,800,
091701,091701,STEEPER,NAPS,ALBERTA,STEEPER,,,53.13250,-117.09111,1400,
091801,091801,FORT CHIPEWYAN,NAPS,ALBERTA,FORT CHIPEWYAN,,,58.70879,-111.17683,238,
091901,091901,CAROLINE,NAPS,ALBERTA,CAROLINE,,,51.95000,-114.70000,1140,
092001,092001,HENRY PIRKER STATION,NAPS,ALBERTA,GRANDE PRAIRIE,,,55.00003,-118.78662,658,
092101,092101,ALBIAN MINE SITE,NAPS,ALBERTA,BITUMOUNT,,,57.28080,-111.52570,291,
092201,092201,LAMONT,NAPS,ALBERTA,LAMONT,,,53.76036,-112.88017,767,
092301,092301,REDWATER,NAPS,ALBERTA,REDWATER,,,53.84369,-113.09922,631,
092401,092401,ACME GRAINGER,NAPS,ALBERTA,Grainger,,,51.48377,-113.33185,844,
092501,092501,BENTLEY _PORTABLE_,NAPS,ALBERTA,Jarvie,,,54.45778,-114.03060,907,
092601,092601,BRETON,NAPS,ALBERTA,Breton,,,53.09030,-114.46061,900,
092701,092701,CROSSFIELD-CARSTAIRS _PORTABLE_,NAPS,ALBERTA,Airdrie,,,51.29240,-114.00280,1099,
092801,092801,DRAYTON VALLEY,NAPS,ALBERTA,Drayton Valley,,,53.21960,-114.97180,858,
092901,092901,EDSON,NAPS,ALBERTA,Edson,,,53.58740,-116.43060,894,
093001,093001,EVERGREEN PARK,NAPS,ALBERTA,GRANDE PRAIRIE,,,55.11910,-118.72650,645,
093101,093101,GENESEE,NAPS,ALBERTA,Thorsby,,,53.30160,-114.22110,772,
093202,093202,HINTON,NAPS,ALBERTA,Hinton,,,53.42941,-117.54485,1215,
093301,093301,JAMES RIVER,NAPS,ALBERTA,Cremona,,,51.54370,-114.36100,1045,
093401,093401,LACOMBE,NAPS,ALBERTA,Beiseker,,,51.28530,-113.43760,850,
093501,093501,LIBERTY PARK,NAPS,ALBERTA,Pine Lake,,,52.12490,-113.49210,884,
093601,093601,LIMESTONE MOUNTAIN _RAVEN_,NAPS,ALBERTA,Rocky Mountain House,,,51.93045,-115.42796,2106,
093701,093701,MALMO,NAPS,ALBERTA,Mirror,,,52.43020,-113.10450,823,
093801,093801,MEADOWS,NAPS,ALBERTA,Warburg,,,53.53000,-114.63610,753,
093901,093901,POWERS,NAPS,ALBERTA,Thorsby,,,53.63300,-114.41990,774,
094001,094001,SMOKY HEIGHTS,NAPS,ALBERTA,DeBolt,,,55.40500,-118.27500,638,
094101,094101,SUNDRE TOWNSIDE,NAPS,ALBERTA,Madden,,,51.48450,-114.37520,1085,
094201,094201,WAGNER,NAPS,ALBERTA,Sunnybrook,,,53.38450,-114.40860,750,
094301,094301,COLD LAKE SOUTH,NAPS,ALBERTA,Cold Lake,,,54.45800,-110.17400,556,
100102,100102,SAPPERTON,NAPS,BRITISH COLUMBIA,GVRD - NEW WESTMINSTER,,,49.22167,-122.89861,61,
100104,100104,SOUTH CAMBIE,NAPS,BRITISH COLUMBIA,GVRD - VANCOUVER,,,49.24778,-123.10417,80,
100105,100105,739 WEST HASTINGS STREET,NAPS,BRITISH COLUMBIA,GVRD - VANCOUVER,,,49.28557,-123.11412,34,
100106,100106,2294 WEST 10TH AVENUE,NAPS,BRITISH COLUMBIA,GVRD - VANCOUVER,,,49.26250,-123.15611,45,
100108,100108,MARPOLE,NAPS,BRITISH COLUMBIA,GVRD - VANCOUVER,,,49.20972,-123.11389,7,
100109,100109,BC HYDRO,NAPS,BRITISH COLUMBIA,GVRD - VANCOUVER,,,49.28111,-123.12361,41,
100110,100110,KENSINGTON PARK,NAPS,BRITISH COLUMBIA,METRO VAN - BURNABY,,,49.27944,-122.97111,105,
100111,100111,ROCKY PT. PARK,NAPS,BRITISH COLUMBIA,METRO VAN - PORT MOODY,,,49.28083,-122.84917,11,
100112,100112,ROBSON SQUARE,NAPS,BRITISH COLUMBIA,METRO VAN - VANCOUVER,,,49.28222,-123.12119,33,
100113,100113,ANNACIS ISLAND  DELTA,NAPS,BRITISH COLUMBIA,GVRD - DELTA,,,49.16444,-122.93000,29,
100114,100114,MUNICIPAL HALL  RICHMOND,NAPS,BRITISH COLUMBIA,GVRD - RICHMOND,,,49.16361,-123.13639,10,
100115,100115,NEWTON ELEM. SCH.  SURREY,NAPS,BRITISH COLUMBIA,GVRD - SURREY,,,49.15083,-122.85167,63,
100116,100116,CENTRAL LONSDALE,NAPS,BRITISH COLUMBIA,GVRD - VANCOUVER,,,49.32028,-123.06861,124,
100117,100117,BCIT BURNABY,NAPS,BRITISH COLUMBIA,GVRD - BURNABY,,,49.24861,-122.94139,34,
100118,100118,VANCOUVER KITSILANO,NAPS,BRITISH COLUMBIA,METRO VAN - VANCOUVER,,,49.26167,-123.16333,39,
100119,100119,BURNABY SOUTH,NAPS,BRITISH COLUMBIA,METRO VAN - BURNABY,,,49.21528,-122.98556,125,
100120,100120,CONFEDERATION PARK,NAPS,BRITISH COLUMBIA,GVRD - BURNABY,,,49.28333,-122.99778,80,
100121,100121,SECOND NARROWS,NAPS,BRITISH COLUMBIA,METRO VAN - VANCOUVER,,,49.30167,-123.02028,4,
100122,100122,ANMORE,NAPS,BRITISH COLUMBIA,GVRD - PORT MOODY,,,49.31111,-122.85833,153,
100123,100123,LIONS GATE,NAPS,BRITISH COLUMBIA,GVRD - VANCOUVER,,,49.31806,-123.13472,4,
100124,100124,EAGLE RIDGE,NAPS,BRITISH COLUMBIA,GVRD - PORT MOODY,,,49.28472,-122.82389,36,
100125,100125,NORTH DELTA,NAPS,BRITISH COLUMBIA,METRO VAN - DELTA,,,49.15833,-122.90167,117,
100126,100126,BURNABY MOUNTAIN,NAPS,BRITISH COLUMBIA,METRO VAN - BURNABY,,,49.27972,-122.92222,337,
100127,100127,SURREY EAST,NAPS,BRITISH COLUMBIA,METRO VAN - SURREY,,,49.13278,-122.69417,90,
100128,100128,RICHMOND SOUTH,NAPS,BRITISH COLUMBIA,METRO VAN - RICHMOND,,,49.14140,-123.10826,8,
100129,100129,PORT COQUITLAM NORTH,NAPS,BRITISH COLUMBIA,METRO VAN - PORT COQUITLAM,,,49.28000,-122.73417,3,
100130,100130,BURNABY LAKE,NAPS,BRITISH COLUMBIA,METRO VAN - BURNABY,,,49.28750,-122.96167,4,
100131,100131,SEYMOUR FALLS,NAPS,BRITISH COLUMBIA,METRO VAN - VANCOUVER,,,49.44000,-122.97139,229,
100132,100132,MAHON PARK,NAPS,BRITISH COLUMBIA,METRO VAN - VANCOUVER,,,49.32389,-123.08361,71,
100133,100133,BURMOUNT,NAPS,BRITISH COLUMBIA,METRO VAN - BURNABY,,,49.26667,-122.93556,101,
100134,100134,VANCOUVER INTL. AIRPORT,NAPS,BRITISH COLUMBIA,METRO VAN - RICHMOND,,,49.18639,-123.15222,2,
100135,100135,DOUGLAS COLLEGE,NAPS,BRITISH COLUMBIA,METRO VAN - COQUITLAM,,,49.28806,-122.79139,47,
100136,100136,CAPITOL HILL,NAPS,BRITISH COLUMBIA,METRO VAN - BURNABY,,,49.28778,-122.98556,204,
100137,100137,BURNABY NORTH,NAPS,BRITISH COLUMBIA,METRO VAN - BURNABY,,,49.28750,-123.00778,70,
100138,100138,HORSESHOE BAY,NAPS,BRITISH COLUMBIA,METRO VAN - VANCOUVER WEST,,,49.36806,-123.27639,66,
100139,100139,NORGATE,NAPS,BRITISH COLUMBIA,METRO VAN - NORTH VANCOUVER ,,,49.32163,-123.10904,12,
100140,100140,TSAWWASEN,NAPS,BRITISH COLUMBIA,METRO VAN - DELTA,,,49.00981,-123.08184,52,
100201,100201,POST OFFICE,NAPS,BRITISH COLUMBIA,PRINCE GEORGE,,,53.91891,-122.74461,574,
100202,100202,PRG PLAZA 400,NAPS,BRITISH COLUMBIA,PRINCE GEORGE,,,53.91472,-122.74194,588,
100203,100203,PRG BC RAIL WAREHOUSE,NAPS,BRITISH COLUMBIA,PRINCE GEORGE,,,53.87111,-122.74361,595,
100204,100204,VAN BIEN SCHOOL,NAPS,BRITISH COLUMBIA,PRINCE GEORGE,,,53.89030,-122.76000,591,
100205,100205,GLADSTONE SCHOOL,NAPS,BRITISH COLUMBIA,PRINCE GEORGE,,,53.85833,-122.76083,617,
100206,100206,LAKEWOOD,NAPS,BRITISH COLUMBIA,PRINCE GEORGE,,,53.91556,-122.79583,606,
100207,100207,CNR SITE,NAPS,BRITISH COLUMBIA,PRINCE GEORGE,,,53.92000,-122.73900,570,
100208,100208,BCR WAREHOUSE BLDG,NAPS,BRITISH COLUMBIA,PRINCE GEORGE,,,53.88000,-122.77000,600,
100209,100209,GLENVIEW SCHOOL,NAPS,BRITISH COLUMBIA,PRINCE GEORGE,,,53.99556,-122.77556,736,
100210,100210,Prince George CBC Transmitter,NAPS,BRITISH COLUMBIA,PRINCE GEORGE,,,53.90333,-122.70361,733,
100211,100211,Prince George Jail,NAPS,BRITISH COLUMBIA,PRINCE GEORGE,,,53.90833,-122.71361,616,
100301,100301,POLICE STATION,NAPS,BRITISH COLUMBIA,VICTORIA,,,48.42945,-123.36624,11,
100302,100302,1106 COOK ST.,NAPS,BRITISH COLUMBIA,VICTORIA,,,48.42361,-123.35278,30,
100303,100303,1250 QUADRA ST.,NAPS,BRITISH COLUMBIA,VICTORIA,,,48.42500,-123.35833,25,
100304,100304,VICTORIA TOPAZ,NAPS,BRITISH COLUMBIA,VICTORIA,,,48.42920,-123.35800,26,
100305,100305,OAK BAY REC. CENTRE,NAPS,BRITISH COLUMBIA,VICTORIA,,,48.43248,-123.32077,14,
100306,100306,CAMOSUN COLLEGE,NAPS,BRITISH COLUMBIA,VICTORIA,,,48.49000,-123.42000,65,
100307,100307,ROYAL ROADS UNIVERSITY,NAPS,BRITISH COLUMBIA,VICTORIA,,,48.43038,-123.46964,6,
100308,100308,COLWOOD CITY HALL,NAPS,BRITISH COLUMBIA,VICTORIA,,,48.42389,-123.49278,86,
100309,100309,KEATING,NAPS,BRITISH COLUMBIA,VICTORIA,,,48.56920,-123.40140,51,
100310,100310,BRAEFOOT,NAPS,BRITISH COLUMBIA,VICTORIA,,,48.47000,-123.34390,60,
100311,100311,DND HOSPITAL AIR STATION,NAPS,BRITISH COLUMBIA,VICTORIA,,,48.44000,-123.41600,6,
100312,100312,ESQUIMALT GRAVING DOCK,NAPS,BRITISH COLUMBIA,VICTORIA,,,48.43694,-123.58833,299,
100313,100313,LANGFORD DOGWOOD SCHOOL,NAPS,BRITISH COLUMBIA,VICTORIA,,,48.45306,-123.50333,110,
100314,100314,SAANICH STELLYS CROSS ROAD,NAPS,BRITISH COLUMBIA,VICTORIA,,,48.58028,-123.44278,65,
100315,100315,Victoria Christopher Point,NAPS,BRITISH COLUMBIA,VICTORIA,,,48.30944,-123.56194,0,
100316,100316,Langford Lakewood Elementary School,NAPS,BRITISH COLUMBIA,VICTORIA,,,48.46577,-123.50765,120,
100401,100401,FEDERAL BUILDING,NAPS,BRITISH COLUMBIA,KAMLOOPS,,,50.67470,-120.33400,381,
100402,100402,KAMLOOPS BROCKLEHURST,NAPS,BRITISH COLUMBIA,KAMLOOPS,,,50.69759,-120.39698,342,
100601,100601,400 CARMI AVE.,NAPS,BRITISH COLUMBIA,PENTICTON,,,49.48472,-119.58333,364,
100602,100602,AIR - MOE OFFICE,NAPS,BRITISH COLUMBIA,PENTICTON,,,49.54610,-119.58900,341,
100701,100701,KELOWNA COLLEGE,NAPS,BRITISH COLUMBIA,KELOWNA,,,49.86111,-119.47500,347,
100702,100702,KELOWNA ,NAPS,BRITISH COLUMBIA,KELOWNA,,,49.86222,-119.47750,349,
100801,100801,Keremeos,NAPS,BRITISH COLUMBIA,KEREMOS,,,49.20457,-119.83018,417,
101001,101001,ABBOTSFORD AIRPORT,NAPS,BRITISH COLUMBIA,ABBOTSFORD,,,49.03056,-122.37611,61,
101002,101002,MSA LIBRARY - DOWNTOWN,NAPS,BRITISH COLUMBIA,ABBOTSFORD,,,49.04944,-122.29250,48,
101003,101003,CENTRAL ABBOTSFORD,NAPS,BRITISH COLUMBIA,METRO VAN - ABBOTSFORD,,,49.04278,-122.30972,63,
101004,101004,ABBOTSFORD AIRPORT,NAPS,BRITISH COLUMBIA,METRO VAN - ABBOTSFORD,,,49.02528,-122.34389,59,
101101,101101,CHILLIWACK AIRPORT,NAPS,BRITISH COLUMBIA,METRO VAN-CHILLIWACK,,,49.15611,-121.94056,16,
101201,101201,PITT MEADOWS AIRPORT,NAPS,BRITISH COLUMBIA,PITT MEADOWS,,,49.21278,-122.70778,4,
101202,101202,MEADOWLANDS ELEM. SCHOOL,NAPS,BRITISH COLUMBIA,METRO VAN-PITT MEADOWS,,,49.24528,-122.70889,5,
101301,101301,LANGLEY CENTRAL,NAPS,BRITISH COLUMBIA,METRO VAN-LANGLEY,,,49.09611,-122.56639,89,
101401,101401,HOPE AIRPORT,NAPS,BRITISH COLUMBIA,METRO VAN-HOPE,,,49.36972,-121.49944,39,
101501,101501,GOLDEN EARS ELEM. SCHOOL,NAPS,BRITISH COLUMBIA,METRO VAN - MAPLE RIDGE,,,49.21472,-122.58194,54,
101601,101601,38075 2ND AVENUE,NAPS,BRITISH COLUMBIA,SQUAMISH,,,49.70639,-123.15444,6,
101602,101602,SQU GOVERNMENT BUILDING,NAPS,BRITISH COLUMBIA,SQUAMISH,,,49.70639,-123.15444,6,
101701,101701,QUESNEL SENIOR SECONDARY,NAPS,BRITISH COLUMBIA,QUESNEL,,,52.98220,-122.49200,490,
101702,101702,QUESNEL MAPLE DRIVE,NAPS,BRITISH COLUMBIA,QUESNEL,,,52.96306,-122.45056,614,
101703,101703,QUESNEL PINECREST CENTRE,NAPS,BRITISH COLUMBIA,QUESNEL,,,53.00417,-122.51250,524,
101704,101704,CORRELIEU SCHOOL,NAPS,BRITISH COLUMBIA,QUESNEL,,,52.96640,-122.51670,478,
101801,101801,CRESTON PC SCHOOL,NAPS,BRITISH COLUMBIA,CRESTON,,,49.09444,-116.51250,607,
101802,101802,HOSPITAL,NAPS,BRITISH COLUMBIA,CRESTON,,,49.09864,-116.51359,629,
101803,101803,Creston Piper Farms,NAPS,BRITISH COLUMBIA,CRESTON,,,49.01194,-116.53333,539,
101901,101901,CRANBROOK PR3,NAPS,BRITISH COLUMBIA,CRANBROOK,,,49.51000,-115.75917,922,
101902,101902,SWIMMING POOL,NAPS,BRITISH COLUMBIA,CRANBROOK,,,49.50500,-115.75444,936,
101903,101903,CRANBROOK GREEN,NAPS,BRITISH COLUMBIA,CRANBROOK,,,49.51170,-115.75830,914,
102001,102001,SATURNA,NAPS,BRITISH COLUMBIA,SATURNA,,,48.78333,-123.13333,178,
102101,102101,DOWNTOWN,NAPS,BRITISH COLUMBIA,NANAIMO,,,49.16449,-123.93730,17,
102102,102102,LABIEUX ROAD,NAPS,BRITISH COLUMBIA,NANAIMO,,,49.20083,-123.99389,121,
102103,102103,HARMAC,NAPS,BRITISH COLUMBIA,NANAIMO,,,49.12170,-123.86000,25,
102201,102201,BUTLER PARK,NAPS,BRITISH COLUMBIA,TRAIL,,,49.09556,-117.69722,422,
102202,102202,TRAIL WEST,NAPS,BRITISH COLUMBIA,TRAIL,,,49.09330,-117.69810,404,
102203,102203,SECHELT TRAIL BAY MALL _Centre_,NAPS,BRITISH COLUMBIA,Sechelt,,,49.47190,-123.76140,15,
102301,102301,CRANBERRY LAKE,NAPS,BRITISH COLUMBIA,POWELL RIVER,,,49.87500,-124.51667,209,
102302,102302,WILDWOOD MOTORS,NAPS,BRITISH COLUMBIA,POWELL RIVER,,,49.88750,-124.55833,136,
102303,102303,Powell River James Thompson School,NAPS,BRITISH COLUMBIA,POWELL RIVER,,,49.88910,-124.56250,125,
102401,102401,SMITHERS ST JOSEPHS,NAPS,BRITISH COLUMBIA,SMITHERS,,,54.78306,-127.17750,495,
102501,102501,TERRACE BC ACCESS CENTRE,NAPS,BRITISH COLUMBIA,TERRACE,,,54.51833,-128.59750,66,
102502,102502,BC HYDRO BLDG,NAPS,BRITISH COLUMBIA,TERRACE,,,54.52000,-128.57000,219,
102601,102601,PORT ALBERNI TOWNSITE,NAPS,BRITISH COLUMBIA,PORT ALBERNI,,,49.23444,-124.81472,10,
102602,102602,PORT ALBERNI ELEMENTARY,NAPS,BRITISH COLUMBIA,PORT ALBERNI,,,49.26080,-124.80560,21,
102701,102701,WILLIAMS LAKE COLUMNEETZA SCHOOL,NAPS,BRITISH COLUMBIA,WILLIAMS LAKE,,,52.14167,-122.15278,631,
102702,102702,SKYLINE SCHOOL,NAPS,BRITISH COLUMBIA,WILLIAMS LAKE,,,52.11610,-122.13200,587,
102703,102703,FIREHALL,NAPS,BRITISH COLUMBIA,WILLIAMS LAKE,,,52.13611,-122.14054,633,
102704,102704,WATER TOWER,NAPS,BRITISH COLUMBIA,WILLIAMS LAKE,,,52.15720,-122.15500,668,
102705,102705,168 MILE ROAD,NAPS,BRITISH COLUMBIA,WILLIAMS LAKE,,,52.16800,-122.15670,725,
102706,102706,WILLIAMS LAKE CRD LIBRARY,NAPS,BRITISH COLUMBIA,WILLIAMS LAKE,,,52.13083,-122.14222,609,
102801,102801,ELK FALLS DOGWOOD,NAPS,BRITISH COLUMBIA,CAMPBELL RIVER,,,50.01667,-125.24722,63,
102802,102802,TYEE SPIT,NAPS,BRITISH COLUMBIA,CAMPBELL RIVER,,,50.04861,-125.25556,7,
102901,102901,B.C. ACCESS CENTER,NAPS,BRITISH COLUMBIA,100 MILE HOUSE,,,51.64610,-121.29370,924,
103001,103001,JOHNSON LAKE,NAPS,BRITISH COLUMBIA,SKOOKUMCHUCK,,,49.91667,-115.73333,837,
103101,103101,FOREST SERVICE COMPOUND,NAPS,BRITISH COLUMBIA,INVERMERE,,,50.50870,-116.02900,839,
103102,103102,RADIUM PM10,NAPS,BRITISH COLUMBIA,INVERMERE,,,50.37110,-116.04330,1638,
103201,103201,LADY GREY SCHOOL,NAPS,BRITISH COLUMBIA,GOLDEN,,,51.29744,-116.96815,790,
103202,103202,GOLDEN HOSPITAL,NAPS,BRITISH COLUMBIA,GOLDEN,,,51.29580,-116.96722,791,
103203,103203,Golden CPR,NAPS,BRITISH COLUMBIA,GOLDEN,,,51.27000,-116.93083,789,
103204,103204,Golden Golf Course,NAPS,BRITISH COLUMBIA,GOLDEN,,,51.33250,-117.00667,786,
103205,103205,Golden Townsite,NAPS,BRITISH COLUMBIA,GOLDEN,,,51.29580,-116.97200,788,
103301,103301,GOVERNMENT BUILDING,NAPS,BRITISH COLUMBIA,NELSON,,,49.49280,-117.29500,551,
103302,103302,Nelson Kutenai Place,NAPS,BRITISH COLUMBIA,Nelson,,,49.49083,-117.29528,562,
103401,103401,FIREHALL,NAPS,BRITISH COLUMBIA,REVELSTOKE,,,50.99790,-118.20000,156,
103402,103402,REVELSTOKE MT BEGBIE SCHOOL,NAPS,BRITISH COLUMBIA,REVELSTOKE,,,50.98722,-118.18833,445,
103501,103501,SENIOR CITIZEN CENTRE,NAPS,BRITISH COLUMBIA,CASTLEGAR,,,49.30000,-117.66667,596,
103601,103601,PIONEER,NAPS,BRITISH COLUMBIA,MISSION,,,49.13539,-122.30371,31,
103602,103602,MISSION SECONDARY SCHOOL,NAPS,BRITISH COLUMBIA,MISSION,,,49.08280,-122.18500,245,
103701,103701,CHETWYND,NAPS,BRITISH COLUMBIA,CHETWYND,,,55.66990,-121.63200,582,
103702,103702,Pine River Gas Plant,NAPS,BRITISH COLUMBIA,CHETWYND,,,55.57500,-121.92083,1159,
103703,103703,Pine River Hasler,NAPS,BRITISH COLUMBIA,CHETWYND,,,55.60556,-121.97222,602,
103801,103801,FORT ST. JAMES,NAPS,BRITISH COLUMBIA,FORT ST. JAMES,,,54.44306,-124.25417,699,
103901,103901,RIVERLODGE,NAPS,BRITISH COLUMBIA,KITIMAT,,,54.05583,-128.67389,18,
103902,103902,Kitimat Haul Road,NAPS,BRITISH COLUMBIA,KITIMAT,,,54.02972,-128.70167,11,
103903,103903,Kitimat Rail,NAPS,BRITISH COLUMBIA,KITIMAT,,,54.06111,-128.68722,20,
103904,103904,Kitimat Whitesail,NAPS,BRITISH COLUMBIA,KITIMAT,,,54.06750,-128.64028,94,
103905,103905,Kitimat Haisla Village,NAPS,BRITISH COLUMBIA,KITIMAT,,,53.97330,-128.65030,5,
104001,104001,RCMP BUILDING,NAPS,BRITISH COLUMBIA,VERNON,,,50.26714,-119.27067,394,
104002,104002,COLDSTREAM RANCH,NAPS,BRITISH COLUMBIA,VERNON,,,50.22340,-119.19380,487,
104003,104003,VERNON SCIENCE CENTRE,NAPS,BRITISH COLUMBIA,VERNON,,,50.23330,-119.28300,476,
104101,104101,CITY HALL,NAPS,BRITISH COLUMBIA,GRAND FORKS,,,49.03110,-118.43900,517,
104201,104201,MERRIT SCHOOL,NAPS,BRITISH COLUMBIA,MERRIT,,,50.11250,-120.79167,597,
104301,104301,TAYLOR TOWNSITE,NAPS,BRITISH COLUMBIA,TAYLOR,,,56.15083,-120.68611,474,
104302,104302,Taylor South Hill,NAPS,BRITISH COLUMBIA,TAYLOR,,,56.10583,-120.66333,689,
104401,104401,PORT EDWARD PACIFIC,NAPS,BRITISH COLUMBIA,PORT EDWARD,,,54.22083,-130.28972,39,
104501,104501,QUADRA ISLAND LIGHTHOUSE,NAPS,BRITISH COLUMBIA,QUADRA ISLAND,,,49.99972,-125.19444,17,
104601,104601,TELKWA,NAPS,BRITISH COLUMBIA,TELKWA,,,54.69111,-127.05472,515,
104701,104701,GALLOWAY RAPIDS,NAPS,BRITISH COLUMBIA,PRINCE RUPERT,,,54.25972,-130.26806,0,
104801,104801,DUNCAN DEYKIN AVENUE,NAPS,BRITISH COLUMBIA,DUNCAN,,,48.80278,-123.64500,62,
104802,104802,DUNCAN CRAN SCHOOL,NAPS,BRITISH COLUMBIA,FORT SAINT JOHN,,,56.23580,-120.81500,688,
104803,104803,DUNCAN CAIRNSMORE,NAPS,BRITISH COLUMBIA,DUNCAN,,,48.78500,-123.71583,62,
104901,104901,GENELLE,NAPS,BRITISH COLUMBIA,GENELLE,,,49.20750,-117.69700,432,
105001,105001,MEADOW PARK,NAPS,BRITISH COLUMBIA,WHISTLER,,,50.14390,-122.96110,638,
105101,105101,FIREHALL,NAPS,BRITISH COLUMBIA,HOUSTON,,,54.39720,-126.64500,602,
105201,105201,FIRE CENTRE,NAPS,BRITISH COLUMBIA,BURNS LAKE,,,54.23080,-125.76400,710,
105301,105301,LANGDALE ELEMENTARY,NAPS,BRITISH COLUMBIA,LANGDALE,,,49.44167,-123.49167,90,
105401,105401,BOSTON BAR RCMP STATION,NAPS,BRITISH COLUMBIA,BOSTON BAR,,,49.86583,-121.44250,162,
105501,105501,NP CULTURAL CENTRE,NAPS,BRITISH COLUMBIA,FORT ST. JOHN,,,56.24583,-120.84889,692,
105502,105502,FT ST JOHN-FEHR RESIDENCE,NAPS,BRITISH COLUMBIA,FORT ST. JOHN,,,56.24330,-120.76440,677,
105601,105601,OSOYOOS SHAW GARDENS,NAPS,BRITISH COLUMBIA,OSOYOOS,,,49.03750,-119.43833,291,
105602,105602,OSOYOOS EC WEATHER STN,NAPS,BRITISH COLUMBIA,OSOYOOS,,,,,,
105603,105603,OLIVER STP AIR,NAPS,BRITISH COLUMBIA,OSOYOOS,,,,,,
105604,105604,Osoyoos Canada Customs,NAPS,BRITISH COLUMBIA,OSOYOOS,,,49.00000,-119.46250,302,
105701,105701,W.E. GRAHAM SCHOOL ROOF SLOCAN,NAPS,BRITISH COLUMBIA,SLOCAN,,,49.76330,-117.47030,553,
105801,105801,STEWART,NAPS,BRITISH COLUMBIA,STEWART,,,55.94190,-129.98890,16,
105901,105901,CASTLEGAR FIRE HALL,NAPS,BRITISH COLUMBIA,CASTLEGAR,,,,,1661,
105902,105902,KOKANEE PARK,NAPS,BRITISH COLUMBIA,CASTLEGAR,,,,,474,
106001,106001,HEIMBECKER'S PROPERTY,NAPS,BRITISH COLUMBIA,MCBRIDE,,,53.30870,-120.17940,728,
106101,106101,VALEMOUNT,NAPS,BRITISH COLUMBIA,VALEMOUNT,,,52.83000,-119.25000,800,
106201,106201,COMINCO STATION,NAPS,BRITISH COLUMBIA,NORTHPORT,,,48.92560,-117.77970,441,
106301,106301,NEW AIYANSH,NAPS,BRITISH COLUMBIA,NEW AIYANSH,,,55.21970,-129.09060,90,
106401,106401,Robson,NAPS,BRITISH COLUMBIA,Robson,,,49.33639,-117.69778,441,
106501,106501,Fort Nelson Brucker Ranch,NAPS,BRITISH COLUMBIA,Fort Nelson,,,58.57778,-122.58944,483,
106502,106502,Fort Nelson Chalo School,NAPS,BRITISH COLUMBIA,Fort Nelson,,,58.74806,-122.66222,384,
106503,106503,Fort Nelson Townsite,NAPS,BRITISH COLUMBIA,Fort Nelson,,,58.81028,-122.70417,456,
106600,106600,PEMBERTON SIGNAL HILL,NAPS,BRITISH COLUMBIA,PEMBERTON,,,50.31355,-122.78987,211,
106700,106700,Crofton Escarpment Way,NAPS,BRITISH COLUMBIA,CROFTON,,,48.83800,-123.65520,128,
106701,106701,Crofton Substation,NAPS,BRITISH COLUMBIA,CROFTON,,,48.87500,-123.65000,22,
106800,106800,UCLUELET AMPHITRITE POINT,NAPS,BRITISH COLUMBIA,UCLUELET,,,48.92170,-125.54110,14,
106900,106900,VANDERHOOF BAM ,NAPS,BRITISH COLUMBIA,VANDERHOOF,,,54.01630,-124.00610,637,
107000,107000,RUMBLE BEACH HOSPITAL,NAPS,BRITISH COLUMBIA,PORT ALICE,,,50.42640,-127.48810,3,
119001,119001,FEDERAL BUILDING,NAPS,YUKON,WHITEHORSE,,,60.72028,-135.05472,639,
119002,119002,ANDREW PHILIPSEN LAW CENTRE,NAPS,YUKON,WHITEHORSE,,,60.72028,-135.05472,639,
119003,119003,NAPS HOUSE,NAPS,YUKON,WHITEHORSE,,,60.71861,-135.04919,643,
129001,129001,POST OFFICE SITE,NAPS,NORTHWEST TERRITORIES,YELLOWKNIFE,,,62.45500,-114.37167,188,
129002,129002,CITY HALL,NAPS,NORTHWEST TERRITORIES,YELLOWKNIFE,,,62.45444,-114.37639,187,
129003,129003,SIR JOHN FRANKLIN HS,NAPS,NORTHWEST TERRITORIES,YELLOWKNIFE,,,62.45207,-114.36400,193,
129101,129101,AIRPORT BLDG.,NAPS,NORTHWEST TERRITORIES,NORMAN WELLS,,,65.29174,-126.85873,64,
129102,129102,Norman Wells  NW_Regional Office,NAPS,NORTHWEST TERRITORIES,Norman Wells,,,65.27914,-126.81209,60,
129103,129103,Fort Liard,NAPS,NORTHWEST TERRITORIES,Fort Liard,,,60.23583,-123.46667,234,
129201,129201,D.I.A.N.D. RESEARCH LAB,NAPS,NORTHWEST TERRITORIES,INUVIK,,,68.35000,-133.71667,3,
129202,129202,SAMUEL HEARNE SCHOOL,NAPS,NORTHWEST TERRITORIES,INUVIK,,,68.36005,-133.72721,17,
129301,129301,BAY BLDG.,NAPS,NUNAVUT,IQALUIT,,,63.75000,-68.51667,34,
129302,129302,WILDLIFE SERVICES GARAGE,NAPS,NUNAVUT,IQALUIT,,,63.75000,-68.51700,33,
129401,129401,ALERT,NAPS,NUNAVUT,ALERT,,,82.45083,-62.34167,187,
129501,129501,SNARE RAPIDS,NAPS,NORTHWEST TERRITORIES,SNARE RAPIDS,,,63.50833,-116.00861,240,
